<?xml version="1.0" encoding="UTF-8"?>
<tour start="node10" apprev="18043" appversion="6.1.11">
  <panorama id="node6">
    <input levelingpitch="0" leveltilesize="510" leveltileurl="tiles/node6/cf_%c/l_%l/c_%x/tile_%y.jpg" flat="1" levelbiashidpi="1.000" levelingroll="0" width="3773" levelbias="0.400" overlap="1" cylinder="1" height="5282">
      <level width="3773" predecode="0" preload="0" height="5282"/>
      <level width="1886" predecode="0" preload="0" height="2641"/>
      <level width="943" predecode="0" preload="0" height="1320"/>
      <level width="471" predecode="1" preload="1" height="660"/>
      <preview color="0x808080"/>
    </input>
    <view pannorth="0" fovmode="0">
      <start tilt="5.3988" fov="31.5532" pan="-3.59035" projection="4"/>
      <flyin tilt="-90" fov="170" pan="0" projection="9"/>
      <min tilt="-90" pan="0" fovpixel="2"/>
      <max fovstereographic="270" tilt="90" fovfisheye="360" fov="120" scaletofit="1" pan="360"/>
    </view>
    <userdata heading="0" info="" datetime="12-Feb-19 12:51 PM" title="Hero Image" customnodeid="" copyright="© 2017-18 CRAIG CUTLER" longitude="-118.289580" comment="" description="" author="CRAIG CUTLER" source="" latitude="34.016858" nodeid="node6" tags="2 GRAPHICS" altitude="0.00"/>
    <hotspots width="180" wordwrap="1" height="0">
      <label border="0" backgroundalpha="0.392157" bordercolor="0x000000" backgroundcolor="0x000000" borderradius="1" width="180" textalpha="1" background="1" enabled="1" borderalpha="1" textcolor="0xffffff" wordwrap="1" height="0"/>
      <polystyle backgroundalpha="0.25098" bordercolor="0x0000ff" backgroundcolor="0x0000ff" mode="0" borderalpha="1" handcursor="1"/>
    </hotspots>
    <media>
      <sound loop="-1" url="media/skin_snd_The Sounds of a Dinosaur Dig.mp3" id="The Sounds of a Dinosaur Dig" keep="1" level="0.350" mode="0"/>
    </media>
    <transition zoomout="0" type="crossdissolve" zoomin="0" zoomfov="20" blendtime="1" zoomspeed="2" blendcolor="0x000000" zoomoutpause="1" enabled="1" softedge="0" zoomafteroutfov="20" zoomafterinfov="90"/>
    <animation useinautorotation="0" syncanimationwithvideo="0" animsequence="Animation01"/>
    <control sensitivity="8" invertwheel="0" lockedmouse="0" lockedkeyboard="0" hideabout="0" simulatemass="0" lockedkeyboardzoom="0" speedwheel="3" contextprojections="0" contextfullscreen="1" lockedwheel="0" dblclickfullscreen="1" rubberband="0" invertcontrol="1"/>
  </panorama>
  <panorama id="node7">
    <input levelingpitch="0" leveltilesize="510" leveltileurl="tiles/node7/cf_%c/l_%l/c_%x/tile_%y.jpg" flat="1" levelbiashidpi="1.000" levelingroll="0" width="5512" levelbias="0.400" overlap="1" cylinder="1" height="3675">
      <level width="5512" predecode="0" preload="0" height="3675"/>
      <level width="2756" predecode="0" preload="0" height="1837"/>
      <level width="1378" predecode="0" preload="0" height="918"/>
      <level width="689" predecode="0" preload="0" height="459"/>
      <level width="344" predecode="1" preload="1" height="229"/>
      <preview color="0x808080"/>
    </input>
    <view pannorth="0" fovmode="0">
      <start tilt="4.87561" fov="73.6576" pan="0" projection="4"/>
      <flyin tilt="-90" fov="170" pan="0" projection="9"/>
      <min tilt="-90" pan="0" fovpixel="2"/>
      <max fovstereographic="270" tilt="90" fovfisheye="360" fov="120" scaletofit="1" pan="360"/>
    </view>
    <userdata heading="0" info="" datetime="30-Jul-19 9:07 AM" title="The Dig" customnodeid="" copyright="© 2017-18 CRAIG CUTLER" longitude="-109.428875" comment="" description="" author="CRAIG CUTLER" source="" latitude="37.431258" nodeid="node7" tags="2 GRAPHICS" altitude="0.00"/>
    <hotspots width="180" wordwrap="1" height="0">
      <label border="0" backgroundalpha="0.392157" bordercolor="0x000000" backgroundcolor="0x000000" borderradius="1" width="180" textalpha="1" background="1" enabled="1" borderalpha="1" textcolor="0xffffff" wordwrap="1" height="0"/>
      <polystyle backgroundalpha="0.25098" bordercolor="0x0000ff" backgroundcolor="0x0000ff" mode="0" borderalpha="1" handcursor="1"/>
    </hotspots>
    <media>
      <sound loop="-1" url="media/skin_snd_The Sounds of a Dinosaur Dig.mp3" id="The Sounds of a Dinosaur Dig" keep="1" level="0.350" mode="0"/>
    </media>
    <transition zoomout="0" type="crossdissolve" zoomin="0" zoomfov="20" blendtime="1" zoomspeed="2" blendcolor="0x000000" zoomoutpause="1" enabled="1" softedge="0" zoomafteroutfov="20" zoomafterinfov="90"/>
    <animation useinautorotation="0" syncanimationwithvideo="0" animsequence="Animation01"/>
    <control sensitivity="8" invertwheel="0" lockedmouse="0" lockedkeyboard="0" hideabout="0" simulatemass="0" lockedkeyboardzoom="0" speedwheel="3" contextprojections="0" contextfullscreen="1" lockedwheel="0" dblclickfullscreen="1" rubberband="0" invertcontrol="1"/>
  </panorama>
  <panorama id="node8">
    <input levelingpitch="0" leveltilesize="510" leveltileurl="tiles/node8/cf_%c/l_%l/c_%x/tile_%y.jpg" flat="1" levelbiashidpi="1.000" levelingroll="0" width="3739" levelbias="0.400" overlap="1" cylinder="1" height="5234">
      <level width="3739" predecode="0" preload="0" height="5234"/>
      <level width="1869" predecode="0" preload="0" height="2617"/>
      <level width="934" predecode="0" preload="0" height="1308"/>
      <level width="467" predecode="1" preload="1" height="654"/>
      <preview color="0x808080"/>
    </input>
    <view pannorth="0" fovmode="0">
      <start tilt="8.23248" fov="35.0823" pan="0" projection="4"/>
      <flyin tilt="-90" fov="170" pan="0" projection="9"/>
      <min tilt="-90" pan="0" fovpixel="2"/>
      <max fovstereographic="270" tilt="90" fovfisheye="360" fov="120" scaletofit="1" pan="360"/>
    </view>
    <userdata heading="0" info="" datetime="13-Feb-19 1:24 PM" title="The Lab" customnodeid="" copyright="© 2017-18 CRAIG CUTLER" longitude="-118.289592" comment="" description="" author="CRAIG CUTLER" source="" latitude="34.016763" nodeid="node8" tags="2 GRAPHICS" altitude="0.00"/>
    <hotspots width="180" wordwrap="1" height="0">
      <label border="0" backgroundalpha="0.392157" bordercolor="0x000000" backgroundcolor="0x000000" borderradius="1" width="180" textalpha="1" background="1" enabled="1" borderalpha="1" textcolor="0xffffff" wordwrap="1" height="0"/>
      <polystyle backgroundalpha="0.25098" bordercolor="0x0000ff" backgroundcolor="0x0000ff" mode="0" borderalpha="1" handcursor="1"/>
    </hotspots>
    <media>
      <sound loop="-1" url="media/skin_snd_The Sounds of a Dinosaur Dig.mp3" id="The Sounds of a Dinosaur Dig" keep="1" level="0.350" mode="0"/>
    </media>
    <transition zoomout="0" type="crossdissolve" zoomin="0" zoomfov="20" blendtime="1" zoomspeed="2" blendcolor="0x000000" zoomoutpause="1" enabled="1" softedge="0" zoomafteroutfov="20" zoomafterinfov="90"/>
    <animation useinautorotation="0" syncanimationwithvideo="0" animsequence="Animation01"/>
    <control sensitivity="8" invertwheel="0" lockedmouse="0" lockedkeyboard="0" hideabout="0" simulatemass="0" lockedkeyboardzoom="0" speedwheel="3" contextprojections="0" contextfullscreen="1" lockedwheel="0" dblclickfullscreen="1" rubberband="0" invertcontrol="1"/>
  </panorama>
  <panorama id="node9">
    <input levelingpitch="0" leveltilesize="510" leveltileurl="tiles/node9/cf_%c/l_%l/c_%x/tile_%y.jpg" flat="1" levelbiashidpi="1.000" levelingroll="0" width="5780" levelbias="0.400" overlap="1" cylinder="1" height="3853">
      <level width="5780" predecode="0" preload="0" height="3853"/>
      <level width="2890" predecode="0" preload="0" height="1926"/>
      <level width="1445" predecode="0" preload="0" height="963"/>
      <level width="722" predecode="0" preload="0" height="481"/>
      <level width="361" predecode="1" preload="1" height="240"/>
      <preview color="0x808080"/>
    </input>
    <view pannorth="0" fovmode="0">
      <start tilt="13.1647" fov="73.6707" pan="0" projection="4"/>
      <flyin tilt="-90" fov="170" pan="0" projection="9"/>
      <min tilt="-90" pan="0" fovpixel="2"/>
      <max fovstereographic="270" tilt="90" fovfisheye="360" fov="120" scaletofit="1" pan="360"/>
    </view>
    <userdata heading="0" info="" datetime="06-Nov-19 2:54 PM" title="The Institute" customnodeid="" copyright="© 2017-18 CRAIG CUTLER" longitude="-118.289550" comment="" description="" author="CRAIG CUTLER" source="" latitude="34.016880" nodeid="node9" tags="2 GRAPHICS" altitude="0.00"/>
    <hotspots width="180" wordwrap="1" height="0">
      <label border="0" backgroundalpha="0.392157" bordercolor="0x000000" backgroundcolor="0x000000" borderradius="1" width="180" textalpha="1" background="1" enabled="1" borderalpha="1" textcolor="0xffffff" wordwrap="1" height="0"/>
      <polystyle backgroundalpha="0.25098" bordercolor="0x0000ff" backgroundcolor="0x0000ff" mode="0" borderalpha="1" handcursor="1"/>
    </hotspots>
    <media>
      <sound loop="-1" url="media/skin_snd_The Sounds of a Dinosaur Dig.mp3" id="The Sounds of a Dinosaur Dig" keep="1" level="0.350" mode="0"/>
    </media>
    <transition zoomout="0" type="crossdissolve" zoomin="0" zoomfov="20" blendtime="1" zoomspeed="2" blendcolor="0x000000" zoomoutpause="1" enabled="1" softedge="0" zoomafteroutfov="20" zoomafterinfov="90"/>
    <animation useinautorotation="0" syncanimationwithvideo="0" animsequence="Animation01"/>
    <control sensitivity="8" invertwheel="0" lockedmouse="0" lockedkeyboard="0" hideabout="0" simulatemass="0" lockedkeyboardzoom="0" speedwheel="3" contextprojections="0" contextfullscreen="1" lockedwheel="0" dblclickfullscreen="1" rubberband="0" invertcontrol="1"/>
  </panorama>
  <panorama id="node10">
    <input levelingpitch="0" leveltilesize="510" leveltileurl="tiles/node10/cf_%c/l_%l/c_%x/tile_%y.jpg" flat="1" levelbiashidpi="1.000" levelingroll="0" width="5344" levelbias="0.400" overlap="1" cylinder="1" height="3000">
      <level width="5344" predecode="0" preload="0" height="3000"/>
      <level width="2672" predecode="0" preload="0" height="1500"/>
      <level width="1336" predecode="0" preload="0" height="750"/>
      <level width="668" predecode="0" preload="0" height="375"/>
      <level width="334" predecode="1" preload="1" height="187"/>
      <preview color="0x808080"/>
    </input>
    <view pannorth="0" fovmode="0">
      <start tilt="5.76679" fov="80.7323" pan="-6.03593" projection="4"/>
      <flyin tilt="-90" fov="170" pan="0" projection="9"/>
      <min tilt="-90" pan="0" fovpixel="2"/>
      <max fovstereographic="270" tilt="90" fovfisheye="360" fov="120" scaletofit="1" pan="360"/>
    </view>
    <userdata heading="0" info="" datetime="12-Feb-19 12:51 PM" title="Start Image" customnodeid="" copyright="© 2017-18 CRAIG CUTLER" longitude="-118.289580" comment="" description="" author="CRAIG CUTLER" source="" latitude="34.016858" nodeid="node10" tags="2 GRAPHICS" altitude="0.00"/>
    <hotspots width="180" wordwrap="1" height="0">
      <label border="0" backgroundalpha="0.392157" bordercolor="0x000000" backgroundcolor="0x000000" borderradius="1" width="180" textalpha="1" background="1" enabled="1" borderalpha="1" textcolor="0xffffff" wordwrap="1" height="0"/>
      <polystyle backgroundalpha="0.25098" bordercolor="0x0000ff" backgroundcolor="0x0000ff" mode="0" borderalpha="1" handcursor="1"/>
    </hotspots>
    <media>
      <sound loop="-1" url="media/skin_snd_The Sounds of a Dinosaur Dig.mp3" id="The Sounds of a Dinosaur Dig" keep="1" level="0.350" mode="0"/>
    </media>
    <transition zoomout="0" type="crossdissolve" zoomin="0" zoomfov="20" blendtime="1" zoomspeed="2" blendcolor="0x000000" zoomoutpause="1" enabled="1" softedge="0" zoomafteroutfov="20" zoomafterinfov="90"/>
    <animation useinautorotation="0" syncanimationwithvideo="0" animsequence="Animation01"/>
    <control sensitivity="8" invertwheel="0" lockedmouse="0" lockedkeyboard="0" hideabout="0" simulatemass="0" lockedkeyboardzoom="0" speedwheel="3" contextprojections="0" contextfullscreen="1" lockedwheel="0" dblclickfullscreen="1" rubberband="0" invertcontrol="1"/>
  </panorama>
  <panorama id="node12">
    <input levelingpitch="0" leveltilesize="510" leveltileurl="tiles/node12/cf_%c/l_%l/c_%x/tile_%y.jpg" levelbiashidpi="1.000" levelingroll="0" width="2000" levelbias="0.400" overlap="1" height="2000">
      <level width="2000" predecode="0" preload="0" height="2000"/>
      <level width="1000" predecode="0" preload="0" height="1000"/>
      <level width="500" predecode="1" preload="1" height="500"/>
      <preview color="0x808080" strip="1"/>
    </input>
    <view pannorth="0" fovmode="0">
      <start tilt="9.55" fov="76.67" pan="3.79" projection="4"/>
      <flyin tilt="-90" fov="170" pan="0" projection="9"/>
      <min tilt="-52" pan="-98" fovpixel="2"/>
      <max fovstereographic="270" tilt="48" fovfisheye="360" fov="120" scaletofit="1" pan="98"/>
    </view>
    <userdata heading="0" info="" datetime="" title="The Mount" customnodeid="" copyright="" longitude="" comment="" description="" author="" source="" latitude="" nodeid="node12" tags="4 panoramas"/>
    <hotspots width="180" wordwrap="1" height="0">
      <label border="0" backgroundalpha="0.392157" bordercolor="0x000000" backgroundcolor="0x000000" borderradius="1" width="180" textalpha="1" background="1" enabled="1" borderalpha="1" textcolor="0xffffff" wordwrap="1" height="0"/>
      <polystyle backgroundalpha="0.25098" bordercolor="0x0000ff" backgroundcolor="0x0000ff" mode="0" borderalpha="1" handcursor="1"/>
      <hotspot url="{node11}" target="" id="MOUNT_2" tilt="-14.13" title="Gnatalie Head" skinid="ht_nodechange" pan="-309.15" description=""/>
      <hotspot url="{node13}" target="" id="MOUNT_3" tilt="-13.84" title="Gnatlie Tail" skinid="ht_nodechange" pan="-43.92" description=""/>
      <hotspot url="" target="_blank" id="MOUNT_1" tilt="-10.63" title="Welcome Center" skinid="ht_URL_link" pan="-350.19" description="welcome"/>
      <hotspot url="" target="_blank" id="MOUNT_5" tilt="-10.55" title="Our Thanks" skinid="ht_URL_link" pan="-9.26" description="donors"/>
    </hotspots>
    <media>
      <sound loop="-1" url="media/skin_snd_The Sounds of a Dinosaur Dig.mp3" id="The Sounds of a Dinosaur Dig" keep="1" level="0.350" mode="0"/>
    </media>
    <transition zoomout="0" type="crossdissolve" zoomin="0" zoomfov="20" blendtime="1" zoomspeed="2" blendcolor="0x000000" zoomoutpause="1" enabled="1" softedge="0" zoomafteroutfov="20" zoomafterinfov="90"/>
    <animation useinautorotation="0" syncanimationwithvideo="0" animsequence="Animation01"/>
    <control sensitivity="8" invertwheel="0" lockedmouse="0" lockedkeyboard="0" hideabout="0" simulatemass="0" lockedkeyboardzoom="0" speedwheel="3" contextprojections="0" contextfullscreen="1" lockedwheel="0" dblclickfullscreen="1" rubberband="0" invertcontrol="1"/>
  </panorama>
  <panorama id="node11">
    <input levelingpitch="0" leveltilesize="510" leveltileurl="tiles/node11/cf_%c/l_%l/c_%x/tile_%y.jpg" levelbiashidpi="1.000" levelingroll="0" width="2000" levelbias="0.400" overlap="1" height="2000">
      <level width="2000" predecode="0" preload="0" height="2000"/>
      <level width="1000" predecode="0" preload="0" height="1000"/>
      <level width="500" predecode="1" preload="1" height="500"/>
      <preview color="0x808080" strip="1"/>
    </input>
    <view pannorth="0" fovmode="0">
      <start tilt="0" fov="70" pan="0" projection="4"/>
      <flyin tilt="-90" fov="170" pan="0" projection="9"/>
      <min tilt="-59" pan="-67.81" fovpixel="2"/>
      <max fovstereographic="270" tilt="71" fovfisheye="360" fov="120" scaletofit="1" pan="148.2"/>
    </view>
    <userdata heading="0" info="" datetime="" title="Gnatalie Head" customnodeid="" copyright="" longitude="" comment="" description="" author="" source="" latitude="" nodeid="node11" tags="4 panoramas"/>
    <hotspots width="180" wordwrap="1" height="0">
      <label border="0" backgroundalpha="0.392157" bordercolor="0x000000" backgroundcolor="0x000000" borderradius="1" width="180" textalpha="1" background="1" enabled="1" borderalpha="1" textcolor="0xffffff" wordwrap="1" height="0"/>
      <polystyle backgroundalpha="0.25098" bordercolor="0x0000ff" backgroundcolor="0x0000ff" mode="0" borderalpha="1" handcursor="1"/>
      <hotspot url="{node12}" target="" id="MOUNT_4" tilt="-17.36" title="Gnatalie Center" skinid="ht_nodechange" pan="-46.26" description=""/>
    </hotspots>
    <media>
      <sound loop="-1" url="media/skin_snd_The Sounds of a Dinosaur Dig.mp3" id="The Sounds of a Dinosaur Dig" keep="1" level="0.350" mode="0"/>
    </media>
    <transition zoomout="0" type="crossdissolve" zoomin="0" zoomfov="20" blendtime="1" zoomspeed="2" blendcolor="0x000000" zoomoutpause="1" enabled="1" softedge="0" zoomafteroutfov="20" zoomafterinfov="90"/>
    <animation useinautorotation="0" syncanimationwithvideo="0" animsequence="Animation01"/>
    <control sensitivity="8" invertwheel="0" lockedmouse="0" lockedkeyboard="0" hideabout="0" simulatemass="0" lockedkeyboardzoom="0" speedwheel="3" contextprojections="0" contextfullscreen="1" lockedwheel="0" dblclickfullscreen="1" rubberband="0" invertcontrol="1"/>
  </panorama>
  <panorama id="node13">
    <input levelingpitch="0" leveltilesize="510" leveltileurl="tiles/node13/cf_%c/l_%l/c_%x/tile_%y.jpg" levelbiashidpi="1.000" levelingroll="0" width="2000" levelbias="0.400" overlap="1" height="2000">
      <level width="2000" predecode="0" preload="0" height="2000"/>
      <level width="1000" predecode="0" preload="0" height="1000"/>
      <level width="500" predecode="1" preload="1" height="500"/>
      <preview color="0x808080" strip="1"/>
    </input>
    <view pannorth="0" fovmode="0">
      <start tilt="0" fov="70" pan="0" projection="4"/>
      <flyin tilt="-90" fov="170" pan="0" projection="9"/>
      <min tilt="-54.32" pan="-143.23" fovpixel="2"/>
      <max fovstereographic="270" tilt="60" fovfisheye="360" fov="120" scaletofit="1" pan="60"/>
    </view>
    <userdata heading="0" info="" datetime="" title="Gnatlie Tail" customnodeid="" copyright="" longitude="" comment="" description="" author="" source="" latitude="" nodeid="node13" tags="4 panoramas"/>
    <hotspots width="180" wordwrap="1" height="0">
      <label border="0" backgroundalpha="0.392157" bordercolor="0x000000" backgroundcolor="0x000000" borderradius="1" width="180" textalpha="1" background="1" enabled="1" borderalpha="1" textcolor="0xffffff" wordwrap="1" height="0"/>
      <polystyle backgroundalpha="0.25098" bordercolor="0x0000ff" backgroundcolor="0x0000ff" mode="0" borderalpha="1" handcursor="1"/>
      <hotspot url="{node12}" target="" id="MOUNT_4" tilt="-14.15" title="Gnatalie Center" skinid="ht_nodechange" pan="-314.74" description=""/>
    </hotspots>
    <media>
      <sound loop="-1" url="media/skin_snd_The Sounds of a Dinosaur Dig.mp3" id="The Sounds of a Dinosaur Dig" keep="1" level="0.350" mode="0"/>
    </media>
    <transition zoomout="0" type="crossdissolve" zoomin="0" zoomfov="20" blendtime="1" zoomspeed="2" blendcolor="0x000000" zoomoutpause="1" enabled="1" softedge="0" zoomafteroutfov="20" zoomafterinfov="90"/>
    <animation useinautorotation="0" syncanimationwithvideo="0" animsequence="Animation01"/>
    <control sensitivity="8" invertwheel="0" lockedmouse="0" lockedkeyboard="0" hideabout="0" simulatemass="0" lockedkeyboardzoom="0" speedwheel="3" contextprojections="0" contextfullscreen="1" lockedwheel="0" dblclickfullscreen="1" rubberband="0" invertcontrol="1"/>
  </panorama>
  <masternode>
    <userdata heading="0" info="" datetime="" title="" customnodeid="" copyright="" longitude="" comment="" description="" author="" source="" latitude="" nodeid="master" tags=""/>
  </masternode>
</tour>
